{
  "q1_weights": {
    "喜好度": 0.271930226415073,
    "耗时灵活性": 0.16987725051149585,
    "通勤便利性": 0.1486005824271113,
    "抗拥堵能力": 0.1608999855250082,
    "整体舒适度": 0.2486919551213117
  },
  "plans": {
    "原始方案": {
      "spots": [
        [
          "A5"
        ],
        [
          "A1",
          "A10"
        ],
        [
          "A2",
          "A8"
        ],
        [
          "A4",
          "A9"
        ],
        [
          "A3"
        ]
      ],
      "total_pref": 63.4,
      "n_spots": 8,
      "轻度": {
        "reliability": 0.00029999999999996696,
        "daily_fails": [
          0.00225,
          0.28315,
          0.9771,
          0.9865,
          0.00015
        ],
        "daily_mintime": [
          0.0,
          0.0,
          0.0,
          0.0,
          0.0
        ],
        "daily_overtime": [
          0.00225,
          0.28315,
          0.9771,
          0.9865,
          0.00015
        ]
      },
      "中度": {
        "reliability": 9.999999999998899e-05,
        "daily_fails": [
          0.00905,
          0.40085,
          0.9827,
          0.98925,
          0.0005
        ],
        "daily_mintime": [
          0.0,
          0.0,
          0.0,
          0.0,
          0.0
        ],
        "daily_overtime": [
          0.00905,
          0.40085,
          0.9827,
          0.98925,
          0.0005
        ]
      },
      "强扰动": {
        "reliability": 4.999999999999449e-05,
        "daily_fails": [
          0.0266,
          0.54385,
          0.9869,
          0.9928,
          0.00195
        ],
        "daily_mintime": [
          0.0,
          0.0,
          0.0,
          0.0,
          0.0
        ],
        "daily_overtime": [
          0.0266,
          0.54385,
          0.9869,
          0.9928,
          0.00195
        ]
      }
    },
    "改进方案v1 (A2单独+A8/A9联动)": {
      "spots": [
        [
          "A5"
        ],
        [
          "A1",
          "A10"
        ],
        [
          "A2"
        ],
        [
          "A8",
          "A9"
        ],
        [
          "A3",
          "A7"
        ]
      ],
      "total_pref": 62.2,
      "n_spots": 8,
      "轻度": {
        "reliability": 0.4223,
        "daily_fails": [
          0.0019,
          0.28325,
          0.0354,
          0.37005,
          0.0344
        ],
        "daily_mintime": [
          0.0,
          0.0,
          0.0,
          0.0,
          0.0
        ],
        "daily_overtime": [
          0.0019,
          0.28325,
          0.0354,
          0.37005,
          0.0344
        ]
      },
      "中度": {
        "reliability": 0.26705,
        "daily_fails": [
          0.00825,
          0.39095,
          0.0768,
          0.47525,
          0.08625
        ],
        "daily_mintime": [
          0.0,
          0.0,
          0.0,
          0.0,
          0.0
        ],
        "daily_overtime": [
          0.00825,
          0.39095,
          0.0768,
          0.47525,
          0.08625
        ]
      },
      "强扰动": {
        "reliability": 0.11609999999999998,
        "daily_fails": [
          0.026,
          0.55025,
          0.1412,
          0.6198,
          0.1893
        ],
        "daily_mintime": [
          0.0,
          0.0,
          0.0,
          0.0,
          0.0
        ],
        "daily_overtime": [
          0.026,
          0.55025,
          0.1412,
          0.6198,
          0.1893
        ]
      }
    },
    "改进方案v2 (A4单独)": {
      "spots": [
        [
          "A10"
        ],
        [
          "A1",
          "A8"
        ],
        [
          "A2"
        ],
        [
          "A4"
        ],
        [
          "A3",
          "A7"
        ]
      ],
      "total_pref": 56.0,
      "n_spots": 7,
      "轻度": {
        "reliability": 0.5581499999999999,
        "daily_fails": [
          0.0013,
          0.3459,
          0.035,
          0.08105,
          0.0361
        ],
        "daily_mintime": [
          0.0,
          0.0,
          0.0,
          0.0,
          0.0
        ],
        "daily_overtime": [
          0.0013,
          0.3459,
          0.035,
          0.08105,
          0.0361
        ]
      },
      "中度": {
        "reliability": 0.39239999999999997,
        "daily_fails": [
          0.00845,
          0.44535,
          0.0764,
          0.16465,
          0.09045
        ],
        "daily_mintime": [
          0.0,
          0.0,
          0.0,
          0.0,
          0.0
        ],
        "daily_overtime": [
          0.00845,
          0.44535,
          0.0764,
          0.16465,
          0.09045
        ]
      },
      "强扰动": {
        "reliability": 0.20155,
        "daily_fails": [
          0.02155,
          0.5899,
          0.14325,
          0.28125,
          0.19
        ],
        "daily_mintime": [
          0.0,
          0.0,
          0.0,
          0.0,
          0.0
        ],
        "daily_overtime": [
          0.02155,
          0.5899,
          0.14325,
          0.28125,
          0.19
        ]
      }
    },
    "稳健方案 (最大化可靠度)": {
      "spots": [
        [
          "A5",
          "A10"
        ],
        [
          "A1",
          "A8"
        ],
        [
          "A2"
        ],
        [
          "A9"
        ],
        [
          "A3",
          "A7"
        ]
      ],
      "total_pref": 62.2,
      "n_spots": 8,
      "轻度": {
        "reliability": 0.44210000000000005,
        "daily_fails": [
          0.27335,
          0.34245,
          0.03865,
          0.00235,
          0.034
        ],
        "daily_mintime": [
          0.0,
          0.0,
          0.0,
          0.0,
          0.0
        ],
        "daily_overtime": [
          0.27335,
          0.34245,
          0.03865,
          0.00235,
          0.034
        ]
      },
      "中度": {
        "reliability": 0.27995000000000003,
        "daily_fails": [
          0.38855,
          0.4485,
          0.07645,
          0.0097,
          0.0836
        ],
        "daily_mintime": [
          0.0,
          0.0,
          0.0,
          0.0,
          0.0
        ],
        "daily_overtime": [
          0.38855,
          0.4485,
          0.07645,
          0.0097,
          0.0836
        ]
      },
      "强扰动": {
        "reliability": 0.1291,
        "daily_fails": [
          0.54025,
          0.592,
          0.1389,
          0.02985,
          0.182
        ],
        "daily_mintime": [
          0.0,
          0.0,
          0.0,
          0.0,
          0.0
        ],
        "daily_overtime": [
          0.54025,
          0.592,
          0.1389,
          0.02985,
          0.182
        ]
      }
    },
    "极简方案 (5景点)": {
      "spots": [
        [
          "A10"
        ],
        [
          "A1",
          "A8"
        ],
        [
          "A3"
        ],
        [
          "A9"
        ],
        [
          "A5",
          "A7"
        ]
      ],
      "total_pref": 53.0,
      "n_spots": 7,
      "轻度": {
        "reliability": 0.59295,
        "daily_fails": [
          0.0018,
          0.34335,
          0.0012,
          0.00245,
          0.0926
        ],
        "daily_mintime": [
          0.0,
          0.0,
          0.0,
          0.0,
          0.0
        ],
        "daily_overtime": [
          0.0018,
          0.34335,
          0.0012,
          0.00245,
          0.0926
        ]
      },
      "中度": {
        "reliability": 0.4444,
        "daily_fails": [
          0.0058,
          0.4471,
          0.0051,
          0.0102,
          0.1826
        ],
        "daily_mintime": [
          0.0,
          0.0,
          0.0,
          0.0,
          0.0
        ],
        "daily_overtime": [
          0.0058,
          0.4471,
          0.0051,
          0.0102,
          0.1826
        ]
      },
      "强扰动": {
        "reliability": 0.25544999999999995,