{
  "A-满意度优先(8景点)": {
    "days": [
      [
        "A5"
      ],
      [
        "A1",
        "A10"
      ],
      [
        "A2",
        "A8"
      ],
      [
        "A4",
        "A9"
      ],
      [
        "A3"
      ]
    ],
    "n_spots": 8,
    "total_pref": 63.4,
    "reliability_p20": 0.020750000000000046,
    "daily_fails_p20": [
      0.0632,
      0.2282,
      0.8004,
      0.83375,
      0.07865
    ],
    "sensitivity": [
      [
        0.05,
        0.06640000000000001
      ],
      [
        0.1,
        0.0464
      ],
      [
        0.15,
        0.03249999999999997
      ],
      [
        0.2,
        0.021499999999999964
      ],
      [
        0.25,
        0.015199999999999991
      ],
      [
        0.3,
        0.008199999999999985
      ],
      [
        0.35,
        0.00649999999999995
      ],
      [
        0.4,
        0.0041999999999999815
      ],
      [
        0.5,
        0.0012999999999999678
      ]
    ]
  },
  "B-均衡稳健(8景点)": {
    "days": [
      [
        "A10"
      ],
      [
        "A1",
        "A8"
      ],
      [
        "A2",
        "A9"
      ],
      [
        "A4",
        "A3"
      ],
      [
        "A5"
      ]
    ],
    "n_spots": 8,
    "total_pref": 63.4,
    "reliability_p20": 0.002449999999999952,
    "daily_fails_p20": [
      0.0495,
      0.2677,
      0.8531,
      0.97325,
      0.1322
    ],
    "sensitivity": [
      [
        0.05,
        0.007299999999999973
      ],
      [
        0.1,
        0.00539999999999996
      ],
      [
        0.15,
        0.0026000000000000467
      ],
      [
        0.2,
        0.0023999999999999577
      ],
      [
        0.25,
        0.0011999999999999789
      ],
      [
        0.3,
        0.0010000000000000009
      ],
      [
        0.35,
        0.0004999999999999449
      ],
      [
        0.4,
        0.00039999999999995595
      ],
      [
        0.5,
        9.999999999998899e-05
      ]
    ]
  },
  "C-改进均衡(7景点)": {
    "days": [
      [
        "A10"
      ],
      [
        "A1",
        "A8"
      ],
      [
        "A2"
      ],
      [
        "A4",
        "A9"
      ],
      [
        "A3"
      ]
    ],
    "n_spots": 7,
    "total_pref": 56.2,
    "reliability_p20": 0.10909999999999997,
    "daily_fails_p20": [
      0.04445,
      0.2676,
      0.0219,
      0.8272,
      0.0792
    ],
    "sensitivity": [
      [
        0.05,
        0.22099999999999997
      ],
      [
        0.1,
        0.1755
      ],
      [
        0.15,
        0.1341
      ],
      [
        0.2,
        0.10970000000000002
      ],
      [
        0.25,
        0.08289999999999997
      ],
      [
        0.3,
        0.06399999999999995
      ],
      [
        0.35,
        0.04520000000000002
      ],
      [
        0.4,
        0.03359999999999996
      ],
      [
        0.5,
        0.01739999999999997
      ]
    ]
  },
  "D-深度体验(6景点)": {
    "days": [
      [
        "A1"
      ],
      [
        "A2"
      ],
      [
        "A4"
      ],
      [
        "A8",
        "A10"
      ],
      [
        "A3"
      ]
    ],
    "n_spots": 6,
    "total_pref": 49.2,
    "reliability_p20": 0.6245499999999999,
    "daily_fails_p20": [
      0.0787,
      0.02095,
      0.0581,
      0.20235,
      0.07685
    ],
    "sensitivity": [
      [
        0.05,
        0.8898
      ],
      [
        0.1,
        0.7991
      ],
      [
        0.15,
        0.7163999999999999
      ],
      [
        0.2,
        0.6299
      ],
      [
        0.25,
        0.5545
      ],
      [
        0.3,
        0.47340000000000004
      ],
      [
        0.35,
        0.4093
      ],
      [
        0.4,
        0.3468
      ],
      [
        0.5,
        0.24870000000000003
      ]
    ]
  }
}